{"FJI": [-17.937620000000003, 177.9759493013698], "TZA": [-6.207829437269719, 34.14207062768624], "SAH": [24.23056264901875, -12.572015437039491], "CAN": [56.70192, -110.24380777716146], "USA": [37.23674500000004, -99.31483211377505], "KAZ": [48.068961165052485, 66.31159464209361], "UZB": [41.353277187661455, 63.4428750998178], "PNG": [-6.667835585154329, 144.22611585363256], "IDN": [-0.17851592367003377, 113.26946371339318], "ARG": [-37.23919951756829, -64.08055162984822], "CHL": [-54.015924999999925, -69.83780461020064], "COD": [-4.099336032735199, 22.39056578829549], "SOM": [5.170365, 46.794179682516805], "KEN": [0.31240676893094815, 37.512972045317696], "SDN": [15.277565000000067, 29.61560321102388], "TCD": [15.277565000000067, 18.306714088939955], "HTI": [18.94352102302104, -72.14740709148104], "DOM": [18.701158555572157, -70.1301614487559], "RUS": [59.40587000000008, 88.59732850428603], "BHS": [26.685000000000002, -78.39612525987528], "FLK": [-51.7, -59.38928571428572], "NOR": [79.95814301219743, 22.682486462200686], "GRL": [71.8673, -39.28314849217472], "ATF": [-49.15375, 69.6465417663477], "TLS": [-8.780523166542988, 125.86268071833555], "ZAF": [-28.408524061803796, 26.147627045756522], "LSO": [-29.500576267211812, 28.243577670469747], "MEX": [23.599373785897797, -102.25017235234306], "URY": [-32.38745431898117, -55.818919492674105], "BRA": [-14.073688449767289, -49.71162179067407], "BOL": [-16.40013559333128, -63.638941069686545], "PER": [-9.247523085164648, -75.87473849257125], "COL": [3.9686211206173923, -72.48645806790587], "PAN": [8.40561127362993, -81.48307983204492], "CRI": [9.705764471877316, -83.6838418345869], "NIC": [12.88960114181193, -85.5743561776437], "HND": [14.487836920626904, -87.22788962343432], "SLV": [13.815268154348182, -88.9200948609695], "GTM": [15.79155579270244, -90.33421968718011], "BLZ": [17.31058451992206, -88.69909241259556], "VEN": [6.481697699403483, -65.42594002750046], "GUY": [4.913343817561277, -58.845385285127406], "SUR": [3.8404506494254704, -56.03158323229576], "FRA": [46.895070705750044, 2.099228142939435], "ECU": [-1.7633287491972067, -78.27869867370002], "PRI": [18.301247565173426, -66.44495687034964], "JAM": [18.02378388109028, -77.15150094297478], "CUB": [21.389870408610257, -77.70484806391835], "ZWE": [-19.003749281492738, 29.321720518595246], "BWA": [-22.459533176363333, 24.310117396284035], "NAM": [-23.254833469335267, 17.146268750805174], "SEN": [14.495174974012365, -14.729191157319399], "MLI": [17.954795843980627, -0.7009443998886491], "MRT": [21.163411363199195, -11.492962824158509], "BEN": [9.236116136100705, 2.2853251244784065], "NER": [17.39008871100311, 9.77410100540003], "NGA": [8.927685349966659, 7.831878148303045], "CMR": [7.2262000594325, 13.491598238352434], "TGO": [8.494843553089922, 1.1192623506213286], "GHA": [7.815686041693979, -1.0873747725227225], "CIV": [7.540625311712404, -5.682611007233913], "GIN": [9.95094330488611, -9.657523946689812], "GNB": [11.884985459841765, -15.036935038744208], "LBR": [6.330298671896372, -9.71018446570726], "SLE": [8.560873114450864, -11.844424944687134], "BFA": [12.241397813358816, -1.2756293256470332], "CAF": [6.7629596012600715, 20.47874046996474], "COG": [-0.6482288549870177, 15.943964403964879], "GAB": [-0.9451874731522665, 11.59264070054377], "GNQ": [1.7109811466500275, 10.377144776332258], "ZMB": [-13.080002333226854, 25.36972724025386], "MWI": [-13.174647718969421, 33.66837111149775], "MOZ": [-18.319372450435313, 34.69681874810105], "SWZ": [-26.56594919200476, 31.360099314089425], "AGO": [-11.880463148651746, 18.809785862734245], "BDI": [-3.463944999999967, 29.957121218671926], "ISR": [31.421260687784496, 34.69111663789981], "LBN": [33.865181281055996, 35.79466178592026], "MDG": [-18.64669097257204, 46.66949122724746], "PSX": [32.13028717704515, 35.30150277949676], "GMB": [13.401624152067889, -16.04187367261004], "TUN": [33.94155904798339, 8.914019710111802], "DZA": [27.916216233831705, 0.5262737270331161], "JOR": [31.294575914020967, 36.31227573435423], "ARE": [24.28183858896037, 54.987923662782734], "QAT": [25.349047349544065, 51.179364987393605], "KWT": [29.202662258413646, 47.393072294433196], "IRQ": [33.197986863735615, 42.414921414989024], "OMN": [20.79773600919382, 56.97737417306399], "VUT": [-15.163311862857583, 166.89877891083083], "KHM": [12.865726630093086, 104.99873191118384], "THA": [13.037021084032567, 101.66324449034873], "LAO": [18.175027879300522, 102.08216893023177], "MMR": [18.99678650560589, 95.87301200656621], "VNM": [15.994140326394664, 107.77693425703086], "PRK": [40.337641506505065, 126.80350841012518], "KOR": [36.20501262058358, 127.90135660616482], "MNG": [46.84677907977329, 105.3339760197104], "IND": [21.87220530851453, 79.17905943580504], "BGD": [23.563936672453586, 89.87623895192834], "BTN": [27.612177944442436, 90.49641834687333], "NPL": [28.309835618598875, 83.44416816400806], "PAK": [30.35765635835316, 70.0926280198014], "AFG": [33.83265096692826, 65.31466607059578], "TJK": [38.75403015802868, 71.03984580185244], "KGZ": [41.28910797786304, 75.19201311218511], "TKM": [39.12133331965124, 58.672049198743025], "IRN": [32.32603750256677, 54.118245053800806], "SYR": [35.027461757948664, 38.57395271340559], "ARM": [39.95249705663373, 45.063666574798575], "SWE": [62.27488129337668, 14.786243427055595], "BLR": [53.70603740092703, 27.78641113896777], "UKR": [48.804606078790414, 30.980774020171626], "POL": [51.88441732442235, 19.076267455907114], "AUT": [47.91918132180231, 14.953149823900707], "HUN": [47.24520437274364, 19.103248422838412], "MDA": [47.13761404071195, 28.649038458877627], "ROU": [46.03602753354609, 24.2116924300108], "LTU": [55.091237087618765, 24.127801340727693], "LVA": [56.8950546331989, 24.504423151312388], "EST": [58.49808340110896, 25.561749208965438], "DEU": [51.43122793233069, 10.432351054415541], "BGR": [42.73941996924254, 25.138533162759185], "GRC": [39.08045726170843, 21.806331544482997], "TUR": [38.63352071792403, 35.45493090001703], "ALB": [41.24789602311034, 19.967590031898183], "HRV": [44.54481364600758, 15.583559315982109], "CHE": [46.80966248227965, 8.28651553630333], "LUX": [49.715854600618115, 5.96441251117964], "BEL": [50.579677842809055, 4.73735646239664], "NLD": [52.04023468689047, 5.398113217342898], "PRT": [39.51081858983509, -8.367926168946118], "ESP": [39.917912604322396, -3.5199679433204363], "IRL": [53.510364590053854, -7.806698877467026], "NCL": [-21.41471323007009, 165.6873774454338], "SLB": [-9.50523345300422, 160.0935506959795], "NZL": [-38.305310153965785, 176.51659682476674], "AUS": [-24.841454969992654, 133.05858125705473], "LKA": [7.861949367703275, 80.68375212082876], "CHN": [36.79871023207684, 98.76958323052159], "TWN": [23.975268154388818, 120.98884789794322], "ITA": [42.55821655941108, 12.631183369107305], "DNK": [56.32431427675131, 9.460776896117707], "GBR": [54.22468791362445, -1.753312127795028], "ISL": [64.9880490179969, -18.45789276678292], "AZE": [40.038047390292924, 47.63524399042388], "GEO": [42.29761033333508, 43.60200543890522], "PHL": [7.6038643457295905, 125.20586583562849], "MYS": [3.8329188094189277, 102.07211202137817], "BRN": [4.712942613133386, 114.892796484506], "SVN": [46.1274431422704, 14.732281029695073], "FIN": [65.03004903834211, 27.373290049843988], "SVK": [48.71193655048388, 19.630113820701496], "CZE": [49.758268032421654, 15.538166236147262], "ERI": [15.197538642200243, 38.29576360972531], "JPN": [36.09343028415736, 138.34886705247487], "PRY": [-23.11380848561074, -58.63741587062309], "YEM": [15.815314032448633, 47.47313794890887], "SAU": [24.26549591724806, 44.55272448770118], "ATA": [-76.65407969172705, 67.37414934736887], "CYN": [35.309485887181566, 33.45131403986939], "CYP": [34.83987630872917, 33.032991202207015], "MAR": [28.490393073026723, -9.983264573567473], "EGY": [26.895485, 29.369537116289596], "LBY": [26.303265590921555, 17.258924170759457], "ETH": [9.362030000000146, 38.72639118584689],